{"cameraMode":{"drawMode":0,"name":"Shaded","section":"Shading Mode"},"sceneLighting":true,"audioPlay":false,"sceneViewState":{"showFog":true,"showMaterialUpdate":false,"showSkybox":true,"showFlares":true,"showImageEffects":true,"showParticleSystems":true,"showVisualEffectGraphs":true,"m_FxEnabled":true},"in2DMode":false,"pivot":{"x":-0.21567201614379884,"y":1.665055751800537,"z":-5.008819103240967},"rotation":{"x":0.29498523473739626,"y":0.20570622384548188,"z":-0.06519055366516113,"w":0.9308161735534668},"size":11.968552589416504,"orthographic":false}