{"cameraMode":{"drawMode":0,"name":"Shaded","section":"Shading Mode"},"sceneLighting":false,"audioPlay":false,"sceneViewState":{"showFog":true,"showMaterialUpdate":false,"showSkybox":false,"showFlares":true,"showImageEffects":true,"showParticleSystems":true,"showVisualEffectGraphs":true,"m_FxEnabled":true},"in2DMode":false,"pivot":{"x":0.0025072097778320314,"y":0.5318626165390015,"z":-0.007569313049316406},"rotation":{"x":0.2676241397857666,"y":0.4634524881839752,"z":-0.1491711288690567,"w":0.8314672112464905},"size":11.006441116333008,"orthographic":false}